Player,Span,Mat,Inns,NO,Runs,HS,Ave,100,50,0,Country,
NV Ojha,2015-2015,1,2,0,56,35,28.00,0,0,0,India,
KL Rahul,2014-2015,5,10,0,256,110,25.60,2,0,0,India,
STR Binny,2014-2015,6,10,1,194,78,21.55,0,1,2,India,
Pankaj Singh,2014-2014,2,4,1,10,9,3.33,0,0,2,India,
KV Sharma,2014-2014,1,2,1,8,4*,8.00,0,0,0,India,
AM Rahane,2013-2015,22,40,4,1619,147,44.97,6,7,3,India,
S Dhawan,2013-2015,19,33,1,1308,187,40.87,4,2,4,India,
RG Sharma,2013-2015,16,29,2,896,177,33.18,2,4,4,India,
B Kumar,2013-2015,12,18,3,393,63*,26.20,0,3,2,India,
Mohammed Shami,2013-2015,12,19,6,166,51*,12.76,0,1,3,India,
RA Jadeja,2012-2015,16,24,2,473,68,21.50,0,1,2,India,
R Vinay Kumar,2012-2012,1,2,0,11,6,5.50,0,0,0,India,
V Kohli,2011-2015,41,72,4,2994,169,44.02,11,12,4,India,
R Ashwin,2011-2015,32,48,10,1204,124,31.68,2,6,2,India,
UT Yadav,2011-2015,17,22,8,109,30,7.78,0,0,3,India,
VR Aaron,2011-2015,9,14,5,35,9,3.88,0,0,1,India,
A Mukund,2011-2011,5,10,0,211,62,21.10,0,1,2,India,
P Kumar,2011-2011,6,10,0,149,40,14.90,0,0,2,India,
CA Pujara,2010-2015,32,56,5,2420,206*,47.45,7,7,2,India,
SK Raina,2010-2015,18,31,2,768,120,26.48,1,7,8,India,
WP Saha,2010-2015,11,19,2,367,60,21.58,0,2,3,India,
A Mithun,2010-2011,4,5,0,120,46,24.00,0,0,1,India,
S Badrinath,2010-2010,2,3,0,63,56,21.00,0,1,0,India,
JD Unadkat,2010-2010,1,2,1,2,1*,2.00,0,0,0,India,
PP Ojha,2009-2013,24,27,17,89,18*,8.90,0,0,4,India,
M Vijay,2008-2015,37,65,1,2630,167,41.09,6,12,4,India,
A Mishra,2008-2015,18,29,2,574,84,21.25,0,3,3,India,
I Sharma,2007-2015,68,100,38,550,31*,8.87,0,0,22,India,
RR Powar,2007-2007,2,2,0,13,7,6.50,0,0,0,India,
PP Chawla,2006-2012,3,3,0,6,4,2.00,0,0,0,India,
S Sreesanth,2006-2011,27,40,13,281,35,10.40,0,0,10,India,
RP Singh,2006-2011,14,19,3,116,30,7.25,0,0,7,India,
MM Patel,2006-2011,13,14,6,60,15*,7.50,0,0,4,India,
VRV Singh,2006-2007,5,6,2,47,29,11.75,0,0,0,India,
MS Dhoni,2005-2014,90,144,16,4876,224,38.09,6,33,10,India,
G Gambhir,2004-2014,56,100,5,4046,206,42.58,9,21,6,India,
KD Karthik,2004-2010,23,37,1,1000,129,27.77,1,7,2,India,
Yuvraj Singh,2003-2012,40,62,6,1900,169,33.92,3,11,7,India,
IK Pathan,2003-2008,29,40,5,1105,102,31.57,1,6,5,India,
L Balaji,2003-2005,8,9,0,51,31,5.66,0,0,4,India,
A Chopra,2003-2004,10,19,0,437,60,23.00,0,2,1,India,
PA Patel,2002-2008,20,30,7,683,69,29.69,0,4,4,India,
A Ratra,2002-2002,6,10,1,163,115*,18.11,1,0,1,India,
V Sehwag,2001-2013,103,178,6,8503,319,49.43,23,31,16,India,
SB Bangar,2001-2002,12,18,2,470,100*,29.37,1,3,2,India,
D Dasgupta,2001-2002,8,13,1,344,100,28.66,1,2,2,India,
T Yohannan,2001-2002,3,4,4,13,8*,-,0,0,0,India,
SS Dighe,2001-2001,6,10,1,141,47,15.66,0,0,1,India,
HK Badani,2001-2001,4,7,1,94,38,15.66,0,0,0,India,
SV Bahutule,2001-2001,2,4,1,39,21*,13.00,0,0,2,India,
IR Siddiqui,2001-2001,1,2,1,29,24,29.00,0,0,0,India,
RL Sanghvi,2001-2001,1,2,0,2,2,1.00,0,0,1,India,
Z Khan,2000-2014,92,127,24,1231,75,11.95,0,3,29,India,
W Jaffer,2000-2008,31,58,1,1944,212,34.10,5,11,6,India,
M Kaif,2000-2006,13,22,3,624,148*,32.84,1,3,1,India,
M Kartik,2000-2004,8,10,1,88,43,9.77,0,0,2,India,
SS Das,2000-2002,23,40,2,1326,110,34.89,2,9,3,India,
Sarandeep Singh,2000-2002,3,2,1,43,39*,43.00,0,0,0,India,
SS Karim,2000-2000,1,1,0,15,15,15.00,0,0,0,India,
N Chopra,2000-2000,1,2,0,7,4,3.50,0,0,0,India,
V Dahiya,2000-2000,2,1,1,2,2*,-,0,0,0,India,
A Nehra,1999-2004,17,25,11,77,19,5.50,0,0,10,India,
S Ramesh,1999-2001,19,37,1,1367,143,37.97,2,8,3,India,
MSK Prasad,1999-2000,6,10,1,106,19,11.77,0,0,0,India,
HH Kanitkar,1999-2000,2,4,0,74,45,18.50,0,0,0,India,
R Vijay Bharadwaj,1999-2000,3,3,0,28,22,9.33,0,0,1,India,
DJ Gandhi,1999-1999,4,7,1,204,88,34.00,0,2,2,India,
R Singh,1999-1999,1,1,0,0,0,0.00,0,0,1,India,
Harbhajan Singh,1998-2015,103,145,23,2224,115,18.22,2,9,19,India,
AB Agarkar,1998-2006,26,39,5,571,109*,16.79,1,0,9,India,
Harvinder Singh,1998-2001,3,4,1,6,6,2.00,0,0,2,India,
RR Singh,1998-1998,1,2,0,27,15,13.50,0,0,0,India,
NM Kulkarni,1997-2001,3,2,1,5,4,5.00,0,0,0,India,
A Kuruvilla,1997-1997,10,11,1,66,35*,6.60,0,0,5,India,
D Ganesh,1997-1997,4,7,3,25,8,6.25,0,0,0,India,
DS Mohanty,1997-1997,2,1,1,0,0*,-,0,0,0,India,
R Dravid,1996-2012,163,284,32,13265,270,52.63,36,63,7,India,
VVS Laxman,1996-2012,134,225,34,8781,281,45.97,17,56,14,India,
SC Ganguly,1996-2008,113,188,17,7212,239,42.17,16,35,13,India,
BKV Prasad,1996-2001,33,47,20,203,30*,7.51,0,0,10,India,
SB Joshi,1996-2000,15,19,2,352,92,20.70,0,1,2,India,
V Rathour,1996-1997,6,10,0,131,44,13.10,0,0,0,India,
PL Mhambrey,1996-1996,2,3,1,58,28,29.00,0,0,0,India,
DJ Johnson,1996-1996,2,3,1,8,5,4.00,0,0,0,India,
NR Mongia,1994-2001,44,68,8,1442,152,24.03,1,6,6,India,
AR Kapoor,1994-1996,4,6,1,97,42,19.40,0,0,0,India,
RK Chauhan,1993-1998,21,17,3,98,23,7.00,0,0,1,India,
VG Kambli,1993-1995,17,21,1,1084,227,54.20,4,3,3,India,
V Yadav,1993-1993,1,1,0,30,30,30.00,0,0,0,India,
A Jadeja,1992-2000,15,24,2,576,96,26.18,0,4,1,India,
PK Amre,1992-1993,11,13,3,425,103,42.50,1,3,0,India,
ST Banerjee,1992-1992,1,1,0,3,3,3.00,0,0,0,India,
J Srinath,1991-2002,67,92,21,1009,76,14.21,0,4,13,India,
A Kumble,1990-2008,132,173,32,2506,110*,17.77,1,5,17,India,
SLV Raju,1990-2001,28,34,10,240,31,10.00,0,0,3,India,
AS Wassan,1990-1990,4,5,1,94,53,23.50,0,1,1,India,
Gursharan Singh,1990-1990,1,1,0,18,18,18.00,0,0,0,India,
SR Tendulkar,1989-2013,200,329,33,15921,248*,53.78,51,68,14,India,
SA Ankola,1989-1989,1,1,0,6,6,6.00,0,0,0,India,
V Razdan,1989-1989,2,2,1,6,6*,6.00,0,0,1,India,
M Venkataramana,1989-1989,1,2,2,0,0*,-,0,0,0,India,
WV Raman,1988-1997,11,19,1,448,96,24.88,0,4,4,India,
ND Hirwani,1988-1996,17,22,12,54,17,5.40,0,0,5,India,
SK Sharma,1988-1990,2,3,1,56,38,28.00,0,0,1,India,
AK Sharma,1988-1988,1,2,0,53,30,26.50,0,0,0,India,
RGM Patel,1988-1988,1,2,0,0,0,0.00,0,0,2,India,
SV Manjrekar,1987-1996,37,61,6,2043,218,37.14,4,9,3,India,
Arshad Ayub,1987-1989,13,19,4,257,57,17.13,0,1,1,India,
KS More,1986-1993,49,64,14,1285,73,25.70,0,7,7,India,
CS Pandit,1986-1992,5,8,1,171,39,24.42,0,0,0,India,
R Lamba,1986-1987,4,5,0,102,53,20.40,0,1,1,India,
B Arun,1986-1987,2,2,1,4,2*,4.00,0,0,0,India,
RR Kulkarni,1986-1987,3,2,0,2,2,1.00,0,0,1,India,
G Sharma,1985-1990,5,4,1,11,10*,3.66,0,0,2,India,
LS Rajput,1985-1985,2,4,0,105,61,26.25,0,1,1,India,
S Viswanath,1985-1985,3,5,0,31,20,6.20,0,0,2,India,
M Azharuddin,1984-2000,99,147,9,6215,199,45.03,22,21,5,India,
M Prabhakar,1984-1995,39,58,9,1600,120,32.65,1,9,3,India,
C Sharma,1984-1989,23,27,9,396,54,22.00,0,1,2,India,
NS Sidhu,1983-1999,51,78,2,3202,201,42.13,9,15,9,India,
L Sivaramakrishnan,1983-1986,9,9,1,130,25,16.25,0,0,1,India,
BS Sandhu,1983-1983,8,11,4,214,71,30.57,0,2,1,India,
AR Bhat,1983-1983,2,3,1,6,6,3.00,0,0,1,India,
TAP Sekhar,1983-1983,2,1,1,0,0*,-,0,0,0,India,
Maninder Singh,1982-1993,35,38,12,99,15,3.80,0,0,11,India,
J Arun Lal,1982-1989,16,29,1,729,93,26.03,0,6,1,India,
AO Malhotra,1982-1985,7,10,1,226,72*,25.11,0,1,2,India,
P Roy,1982-1982,2,3,1,71,60*,35.50,0,1,0,India,
SV Nayak,1982-1982,2,3,1,19,11,9.50,0,0,0,India,
GAHM Parkar,1982-1982,1,2,0,7,6,3.50,0,0,0,India,
RC Shukla,1982-1982,1,-,-,-,-,-,-,-,-,India,
RJ Shastri,1981-1992,80,121,14,3830,206,35.79,11,12,9,India,
K Srikkanth,1981-1992,43,72,3,2062,123,29.88,2,12,7,India,
KBJ Azad,1981-1983,7,12,0,135,24,11.25,0,0,2,India,
TE Srinivasan,1981-1981,1,2,0,48,29,24.00,0,0,0,India,
B Yograj Singh,1981-1981,1,2,0,10,6,5.00,0,0,0,India,
SM Patil,1980-1984,29,47,4,1588,174,36.93,4,7,4,India,
RMH Binny,1979-1987,27,41,5,830,83*,23.05,0,5,7,India,
NS Yadav,1979-1987,35,40,12,403,43,14.39,0,0,4,India,
Yashpal Sharma,1979-1983,37,59,11,1606,140,33.45,2,9,4,India,
DR Doshi,1979-1983,33,38,10,129,20,4.60,0,0,14,India,
B Reddy,1979-1979,4,5,1,38,21,9.50,0,0,2,India,
DD Parsana,1979-1979,2,2,0,1,1,0.50,0,0,1,India,
N Kapil Dev,1978-1994,131,184,15,5248,163,31.05,8,27,16,India,
MV Narasimha Rao,1978-1979,4,6,1,46,20*,9.20,0,0,0,India,
Yajurvindra Singh,1977-1979,4,7,1,109,43*,18.16,0,0,0,India,
DB Vengsarkar,1976-1992,116,185,22,6868,166,42.13,17,35,15,India,
SMH Kirmani,1976-1986,88,124,22,2759,102,27.04,2,12,7,India,
S Amarnath,1976-1978,10,18,0,550,124,30.55,1,3,1,India,
S Madan Lal,1974-1986,39,62,16,1042,74,22.65,0,5,7,India,
AD Gaekwad,1974-1985,40,70,4,1985,201,30.07,2,10,4,India,
KD Ghavri,1974-1981,39,57,14,913,86,21.23,0,2,2,India,
BP Patel,1974-1977,21,38,5,972,115*,29.45,1,5,0,India,
PH Sharma,1974-1977,5,10,0,187,54,18.70,0,1,0,India,
SS Naik,1974-1975,3,6,0,141,77,23.50,0,1,1,India,
HS Kanitkar,1974-1974,2,4,0,111,65,27.75,0,1,0,India,
RD Parkar,1972-1973,2,4,0,80,35,20.00,0,0,0,India,
SM Gavaskar,1971-1987,125,214,16,10122,236*,51.12,34,45,12,India,
P Krishnamurthy,1971-1971,5,6,0,33,20,5.50,0,0,2,India,
HK Jayantilal,1971-1971,1,1,0,5,5,5.00,0,0,0,India,
M Amarnath,1969-1988,69,113,10,4378,138,42.50,11,24,12,India,
GR Viswanath,1969-1983,91,155,10,6080,222,41.93,14,35,10,India,
CPS Chauhan,1969-1981,40,68,2,2084,97,31.57,0,16,6,India,
AV Mankad,1969-1978,22,42,3,991,97,25.41,0,6,3,India,
ED Solkar,1969-1977,27,48,6,1068,102,25.42,1,6,1,India,
AK Roy,1969-1969,4,7,0,91,48,13.00,0,0,2,India,
A Gandotra,1969-1969,2,4,0,54,18,13.50,0,0,0,India,
AM Pai,1969-1969,1,2,0,10,9,5.00,0,0,0,India,
S Abid Ali,1967-1974,29,53,3,1018,81,20.36,0,6,3,India,
S Guha,1967-1969,4,7,2,17,6,3.40,0,0,1,India,
UN Kulkarni,1967-1968,4,8,5,13,7,4.33,0,0,1,India,
RC Saxena,1967-1967,1,2,0,25,16,12.50,0,0,0,India,
BS Bedi,1966-1979,67,101,28,656,50*,8.98,0,1,20,India,
AL Wadekar,1966-1974,37,71,3,2113,143,31.07,1,14,7,India,
S Venkataraghavan,1965-1983,57,76,12,748,64,11.68,0,2,13,India,
V Subramanya,1965-1968,9,15,1,263,75,18.78,0,2,1,India,
BS Chandrasekhar,1964-1979,58,80,39,167,22,4.07,0,0,23,India,
Hanumant Singh,1964-1969,14,24,2,686,105,31.18,1,5,3,India,
KS Indrajitsinhji,1964-1969,4,7,1,51,23,8.50,0,0,1,India,
Rajinder Pal,1964-1964,1,2,1,6,3*,6.00,0,0,0,India,
EAS Prasanna,1962-1978,49,84,20,735,37,11.48,0,0,15,India,
MAK Pataudi,1961-1975,46,83,3,2793,203*,34.91,6,16,7,India,
FM Engineer,1961-1975,46,87,3,2611,121,31.08,2,16,7,India,
DN Sardesai,1961-1972,30,55,4,2001,212,39.23,5,9,4,India,
BP Gupte,1961-1965,3,3,2,28,17*,28.00,0,0,0,India,
VV Kumar,1961-1961,2,2,0,6,6,3.00,0,0,1,India,
SA Durani,1960-1973,29,50,2,1202,104,25.04,1,7,4,India,
BK Kunderan,1960-1967,18,34,4,981,192,32.70,2,3,1,India,
AG Milkha Singh,1960-1961,4,6,0,92,35,15.33,0,0,0,India,
MM Sood,1960-1960,1,2,0,3,3,1.50,0,0,1,India,
ML Jaisimha,1959-1971,39,71,4,2056,129,30.68,3,12,9,India,
RB Desai,1959-1968,28,44,13,418,85,13.48,0,1,8,India,
AA Baig,1959-1967,10,18,0,428,112,23.77,1,2,1,India,
VM Muddiah,1959-1960,2,3,1,11,11,5.50,0,0,1,India,
AL Apte,1959-1959,1,2,0,15,8,7.50,0,0,0,India,
AK Sengupta,1959-1959,1,2,0,9,8,4.50,0,0,0,India,
CG Borde,1958-1969,55,97,11,3061,177*,35.59,5,18,13,India,
VB Ranjane,1958-1964,7,9,3,40,16,6.66,0,0,1,India,
Surendranath,1958-1961,11,20,7,136,27,10.46,0,0,4,India,
RB Kenny,1958-1960,5,10,1,245,62,27.22,0,3,2,India,
GM Guard,1958-1960,2,2,0,11,7,5.50,0,0,0,India,
MS Hardikar,1958-1958,2,4,1,56,32*,18.66,0,0,1,India,
RG Nadkarni,1955-1968,41,67,12,1414,122*,25.70,1,7,6,India,
AG Kripal Singh,1955-1964,14,20,5,422,100*,28.13,1,2,4,India,
VL Mehra,1955-1964,8,14,1,329,62,25.30,0,2,1,India,
NJ Contractor,1955-1962,31,52,1,1611,108,31.58,1,11,2,India,
NS Tamhane,1955-1961,21,27,5,225,54*,10.22,0,1,8,India,
JM Patel,1955-1960,7,10,1,25,12,2.77,0,0,5,India,
P Bhandari,1955-1956,3,4,0,77,39,19.25,0,0,0,India,
CT Patankar,1955-1956,1,2,1,14,13,14.00,0,0,0,India,
GR Sunderam,1955-1956,2,1,1,3,3*,-,0,0,0,India,
PH Punjabi,1955-1955,5,10,0,164,33,16.40,0,0,0,India,
SR Patil,1955-1955,1,1,1,14,14*,-,0,0,0,India,
JM Ghorpade,1953-1959,8,15,0,229,41,15.26,0,0,3,India,
CV Gadkari,1953-1955,6,10,4,129,50*,21.50,0,1,2,India,
DK Gaekwad,1952-1961,11,20,1,350,52,18.42,0,1,3,India,
GS Ramchand,1952-1960,33,53,5,1180,109,24.58,2,5,6,India,
ML Apte,1952-1953,7,13,2,542,163*,49.27,1,3,1,India,
RH Shodhan,1952-1953,3,4,1,181,110,60.33,1,0,0,India,
ES Maka,1952-1953,2,1,1,2,2*,-,0,0,0,India,
HG Gaekwad,1952-1952,1,2,0,22,14,11.00,0,0,0,India,
S Nyalchand,1952-1952,1,2,1,7,6*,7.00,0,0,0,India,
HT Dani,1952-1952,1,-,-,-,-,-,-,-,-,India,
V Rajindernath,1952-1952,1,-,-,-,-,-,-,-,-,India,
VL Manjrekar,1951-1965,55,92,10,3208,189*,39.12,7,15,11,India,
SP Gupte,1951-1961,36,42,13,183,21,6.31,0,0,6,India,
P Roy,1951-1960,43,79,4,2442,173,32.56,5,9,14,India,
CD Gopinath,1951-1960,8,12,1,242,50*,22.00,0,1,4,India,
PG Joshi,1951-1960,12,20,1,207,52*,10.89,0,1,3,India,
MK Mantri,1951-1955,4,8,1,67,39,9.57,0,0,2,India,
RV Divecha,1951-1952,5,5,0,60,26,12.00,0,0,0,India,
NR Chowdhury,1949-1951,2,2,1,3,3*,3.00,0,0,1,India,
MR Rege,1949-1949,1,2,0,15,15,7.50,0,0,1,India,
SN Banerjee,1949-1949,1,2,0,13,8,6.50,0,0,0,India,
PR Umrigar,1948-1962,59,94,8,3631,223,42.22,12,14,5,India,
Ghulam Ahmed,1948-1959,22,31,9,192,50,8.72,0,1,9,India,
PK Sen,1948-1952,14,18,4,165,25,11.78,0,0,1,India,
KC Ibrahim,1948-1949,4,8,0,169,85,21.12,0,1,1,India,
SA Banerjee,1948-1949,1,1,0,0,0,0.00,0,0,1,India,
K Rai Singh,1948-1948,1,2,0,26,24,13.00,0,0,0,India,
CR Rangachari,1948-1948,4,6,3,8,8*,2.66,0,0,3,India,
KK Tarapore,1948-1948,1,1,0,2,2,2.00,0,0,0,India,
DG Phadkar,1947-1959,31,45,7,1229,123,32.34,2,8,3,India,
HR Adhikari,1947-1959,21,36,8,872,114*,31.14,1,4,5,India,
G Kishenchand,1947-1952,5,10,0,89,44,8.90,0,0,5,India,
KM Rangnekar,1947-1948,3,6,0,33,18,5.50,0,0,2,India,
Amir Elahi,1947-1947,1,2,0,17,13,8.50,0,0,0,India,
JK Irani,1947-1947,2,3,2,3,2*,3.00,0,0,1,India,
MH Mankad,1946-1959,44,72,5,2109,231,31.47,5,6,7,India,
VS Hazare,1946-1953,30,52,6,2192,164*,47.65,7,9,4,India,
RS Modi,1946-1952,10,17,1,736,112,46.00,1,6,0,India,
Gul Mohammad,1946-1952,8,15,0,166,34,11.06,0,0,2,India,
SG Shinde,1946-1952,7,11,5,85,14,14.16,0,0,0,India,
CT Sarwate,1946-1951,9,17,1,208,37,13.00,0,0,4,India,
SW Sohoni,1946-1951,4,7,2,83,29*,16.60,0,0,0,India,
AH Kardar,1946-1946,3,5,0,80,43,16.00,0,0,1,India,
Nawab of Pataudi snr,1946-1946,3,5,0,55,22,11.00,0,0,0,India,
DD Hindlekar,1936-1946,4,7,2,71,26,14.20,0,0,0,India,
C Ramaswami,1936-1936,2,4,1,170,60,56.66,0,1,0,India,
Vizianagram,1936-1936,3,6,2,33,19*,8.25,0,0,0,India,
M Baqa Jilani,1936-1936,1,2,1,16,12,16.00,0,0,0,India,
KR Meherhomji,1936-1936,1,1,1,0,0*,-,0,0,0,India,
S Mushtaq Ali,1934-1952,11,20,1,612,112,32.21,2,3,1,India,
CS Nayudu,1934-1952,11,19,3,147,36,9.18,0,0,3,India,
Dilawar Hussain,1934-1936,3,6,0,254,59,42.33,0,3,0,India,
Yuvraj of Patiala,1934-1934,1,2,0,84,60,42.00,0,1,0,India,
MJ Gopalan,1934-1934,1,2,1,18,11*,18.00,0,0,0,India,
L Amarnath,1933-1952,24,40,4,878,118,24.38,1,4,5,India,
VM Merchant,1933-1951,10,18,0,859,154,47.72,3,3,2,India,
LP Jai,1933-1933,1,2,0,19,19,9.50,0,0,1,India,
RJD Jamshedji,1933-1933,1,2,2,5,4*,-,0,0,0,India,
L Ramji,1933-1933,1,2,0,1,1,0.50,0,0,1,India,
CK Nayudu,1932-1936,7,14,0,350,81,25.00,0,2,0,India,
L Amar Singh,1932-1936,7,14,1,292,51,22.46,0,1,1,India,
S Wazir Ali,1932-1936,7,14,0,237,42,16.92,0,0,1,India,
M Nissar,1932-1936,6,11,3,55,14,6.87,0,0,2,India,
M Jahangir Khan,1932-1936,4,7,0,39,13,5.57,0,0,1,India,
PE Palia,1932-1936,2,4,1,29,16,9.66,0,0,0,India,
Naoomal Jaoomal,1932-1934,3,5,1,108,43,27.00,0,0,0,India,
S Nazir Ali,1932-1934,2,4,0,30,13,7.50,0,0,0,India,
SHM Colah,1932-1933,2,4,0,69,31,17.25,0,0,0,India,
JG Navle,1932-1933,2,4,0,42,13,10.50,0,0,0,India,
Lall Singh,1932-1932,1,2,0,44,29,22.00,0,0,0,India,
Sami Aslam,2015-2015,2,3,0,47,20,15.66,0,0,0,Pakistan,
Yasir Shah,2014-2015,12,14,1,136,25,10.46,0,0,2,Pakistan,
Imran Khan,2014-2015,7,4,2,0,0*,0.00,0,0,2,Pakistan,
Ahmed Shehzad,2013-2015,11,21,1,861,176,43.05,3,3,1,Pakistan,
Shan Masood,2013-2015,7,14,0,361,125,25.78,1,2,2,Pakistan,
Zulfiqar Babar,2013-2015,13,15,7,128,56,16.00,0,1,1,Pakistan,
Rahat Ali,2013-2015,14,19,7,98,35*,8.16,0,0,6,Pakistan,
Ehsan Adil,2013-2015,3,4,0,21,12,5.25,0,0,2,Pakistan,
Bilawal Bhatti,2013-2014,2,3,1,70,32,35.00,0,0,0,Pakistan,
Nasir Jamshed,2013-2013,2,4,0,51,46,12.75,0,0,1,Pakistan,
Mohammad Irfan,2013-2013,4,7,2,28,14,5.60,0,0,2,Pakistan,
Mohammad Ayub,2012-2012,1,2,0,47,25,23.50,0,0,0,Pakistan,
Junaid Khan,2011-2015,22,28,11,122,17,7.17,0,0,5,Pakistan,
Aizaz Cheema,2011-2012,7,5,5,1,1*,-,0,0,0,Pakistan,
Mohammad Salman,2011-2011,2,4,0,25,13,6.25,0,0,1,Pakistan,
Azhar Ali,2010-2015,45,84,5,3427,226,43.37,9,20,8,Pakistan,
Asad Shafiq,2010-2015,41,65,5,2597,137,43.28,8,13,3,Pakistan,
Sarfraz Ahmed,2010-2015,21,37,9,1296,112,46.28,3,7,0,Pakistan,
Wahab Riaz,2010-2015,15,21,4,149,27,8.76,0,0,4,Pakistan,
Adnan Akmal,2010-2014,21,29,5,591,64,24.62,0,3,2,Pakistan,
Tanvir Ahmed,2010-2013,5,7,2,170,57,34.00,0,1,0,Pakistan,
Umar Amin,2010-2010,4,8,0,99,33,12.37,0,0,1,Pakistan,
Zulqarnain Haider,2010-2010,1,2,0,88,88,44.00,0,1,1,Pakistan,
Khurram Manzoor,2009-2014,16,30,1,817,146,28.17,1,7,3,Pakistan,
Saeed Ajmal,2009-2014,35,53,12,451,50,11.00,0,1,9,Pakistan,
Mohammad Talha,2009-2014,4,5,1,34,19,8.50,0,0,1,Pakistan,
Umar Akmal,2009-2011,16,30,2,1003,129,35.82,1,6,1,Pakistan,
Sohail Khan,2009-2011,2,1,0,11,11,11.00,0,0,0,Pakistan,
Mohammad Amir,2009-2010,14,28,6,278,30*,12.63,0,0,5,Pakistan,
Fawad Alam,2009-2009,3,6,0,250,168,41.66,1,0,0,Pakistan,
Abdur Rauf,2009-2009,3,6,0,52,31,8.66,0,0,2,Pakistan,
Abdur Rehman,2007-2014,22,31,3,395,60,14.10,0,2,4,Pakistan,
Yasir Arafat,2007-2009,3,3,1,94,50*,47.00,0,1,1,Pakistan,
Sohail Tanvir,2007-2007,2,3,0,17,13,5.66,0,0,1,Pakistan,
Iftikhar Anjum,2006-2006,1,1,1,9,9*,-,0,0,0,Pakistan,
Mohammad Asif,2005-2010,23,38,13,141,29,5.64,0,0,14,Pakistan,
Bazid Khan,2005-2005,1,2,0,32,23,16.00,0,0,0,Pakistan,
Naved-ul-Hasan,2004-2007,9,15,3,239,42*,19.91,0,0,2,Pakistan,
Mohammad Khalil,2004-2005,2,4,1,9,5,3.00,0,0,1,Pakistan,
Riaz Afridi,2004-2004,1,1,0,9,9,9.00,0,0,0,Pakistan,
Mohammad Hafeez,2003-2015,47,90,8,3350,224,40.85,9,12,5,Pakistan,
Umar Gul,2003-2013,47,67,9,577,65*,9.94,0,1,15,Pakistan,
Salman Butt,2003-2010,33,62,0,1889,122,30.46,3,10,6,Pakistan,
Yasir Hameed,2003-2010,25,49,3,1491,170,32.41,2,8,1,Pakistan,
Asim Kamal,2003-2005,12,20,1,717,99,37.73,0,8,2,Pakistan,
Shabbir Ahmed,2003-2005,10,15,5,88,24*,8.80,0,0,4,Pakistan,
Farhan Adil,2003-2003,1,2,0,33,25,16.50,0,0,0,Pakistan,
Yasir Ali,2003-2003,1,2,2,1,1*,-,0,0,0,Pakistan,
Kamran Akmal,2002-2010,53,92,6,2648,158*,30.79,6,12,14,Pakistan,
Naved Latif,2002-2002,1,2,0,20,20,10.00,0,0,1,Pakistan,
Misbah-ul-Haq,2001-2015,61,106,17,4352,161*,48.89,9,32,6,Pakistan,
Shoaib Malik,2001-2015,35,60,6,1898,245,35.14,3,8,6,Pakistan,
Taufeeq Umar,2001-2014,44,83,5,2963,236,37.98,7,14,6,Pakistan,
Imran Farhat,2001-2013,40,77,2,2400,128,32.00,3,14,3,Pakistan,
Mohammad Sami,2001-2012,36,56,14,487,49,11.59,0,0,8,Pakistan,
Faisal Iqbal,2001-2010,26,44,2,1124,139,26.76,1,8,4,Pakistan,
Humayun Farhat,2001-2001,1,2,0,54,28,27.00,0,0,0,Pakistan,
Younis Khan,2000-2015,104,186,17,9116,313,53.94,31,30,16,Pakistan,
Danish Kaneria,2000-2010,61,84,33,360,29,7.05,0,0,25,Pakistan,
Atiq-uz-Zaman,2000-2000,1,2,0,26,25,13.00,0,0,0,Pakistan,
Irfan Fazil,2000-2000,1,2,1,4,3,4.00,0,0,0,Pakistan,
Qaiser Abbas,2000-2000,1,1,0,2,2,2.00,0,0,0,Pakistan,
Abdul Razzaq,1999-2006,46,77,9,1946,134,28.61,3,7,4,Pakistan,
Imran Nazir,1999-2002,8,13,0,427,131,32.84,2,1,3,Pakistan,
Wajahatullah Wasti,1999-2000,6,10,1,329,133,36.55,2,0,0,Pakistan,
Mohammad Yousuf,1998-2010,90,156,12,7530,223,52.29,24,33,11,Pakistan,
Shahid Afridi,1998-2010,27,48,1,1716,156,36.51,5,8,6,Pakistan,
Fazl-e-Akbar,1998-2004,5,8,4,52,25,13.00,0,0,2,Pakistan,
Naved Ashraf,1998-2000,2,3,0,64,32,21.33,0,0,0,Pakistan,
Shakeel Ahmed snr,1998-1998,1,1,0,1,1,1.00,0,0,0,Pakistan,
Shoaib Akhtar,1997-2007,46,67,13,544,47,10.07,0,0,11,Pakistan,
Arshad Khan,1997-2005,9,8,2,31,9*,5.16,0,0,1,Pakistan,
Azhar Mahmood,1997-2001,21,34,4,900,136,30.00,3,1,5,Pakistan,
Ali Naqvi,1997-1998,5,9,1,242,115,30.25,1,0,0,Pakistan,
Mohammad Ramzan,1997-1997,1,2,0,36,29,18.00,0,0,0,Pakistan,
Ali Hussain Rizvi,1997-1997,1,-,-,-,-,-,-,-,-,Pakistan,
Shahid Nazir,1996-2007,15,19,3,194,40,12.12,0,0,3,Pakistan,
Hasan Raza,1996-2005,7,10,1,235,68,26.11,0,2,1,Pakistan,
Mohammad Zahid,1996-2003,5,6,1,7,6*,1.40,0,0,4,Pakistan,
Shadab Kabir,1996-2002,5,7,0,148,55,21.14,0,1,0,Pakistan,
Mohammad Wasim,1996-2000,18,28,2,783,192,30.11,2,2,3,Pakistan,
Mohammad Hussain,1996-1998,2,3,0,18,17,6.00,0,0,1,Pakistan,
Zahoor Elahi,1996-1996,2,3,0,30,22,10.00,0,0,0,Pakistan,
Azam Khan,1996-1996,1,1,0,14,14,14.00,0,0,0,Pakistan,
Saqlain Mushtaq,1995-2004,49,78,14,927,101*,14.48,1,2,13,Pakistan,
Saleem Elahi,1995-2003,13,24,1,436,72,18.95,0,1,6,Pakistan,
Mohammad Akram,1995-2001,9,15,6,24,10*,2.66,0,0,5,Pakistan,
Ijaz Ahmed jnr,1995-1995,2,3,0,29,16,9.66,0,0,0,Pakistan,
Kabir Khan,1994-1995,4,5,2,24,10,8.00,0,0,1,Pakistan,
Atif Rauf,1994-1994,1,2,0,25,16,12.50,0,0,0,Pakistan,
Nadeem Khan,1993-1999,2,3,1,34,25,17.00,0,0,0,Pakistan,
Basit Ali,1993-1995,19,33,1,858,103,26.81,1,5,5,Pakistan,
Shakeel Ahmed jnr,1993-1995,3,5,0,74,33,14.80,0,0,1,Pakistan,
Aamer Nazir,1993-1995,6,11,6,31,11,6.20,0,0,2,Pakistan,
Ashfaq Ahmed,1993-1993,1,2,1,1,1*,1.00,0,0,1,Pakistan,
Inzamam-ul-Haq,1992-2007,119,198,22,8829,329,50.16,25,46,14,Pakistan,
Rashid Latif,1992-2003,37,57,9,1381,150,28.77,1,7,4,Pakistan,
Aamer Sohail,1992-2000,47,83,3,2823,205,35.28,5,13,6,Pakistan,
Ata-ur-Rehman,1992-1996,13,15,6,76,19,8.44,0,0,3,Pakistan,
Moin Khan,1990-2004,69,104,8,2741,137,28.55,4,15,5,Pakistan,
Mushtaq Ahmed,1990-2003,52,72,16,656,59,11.71,0,2,14,Pakistan,
Saeed Anwar,1990-2001,55,91,2,4052,188*,45.52,11,25,8,Pakistan,
Zahid Fazal,1990-1995,9,16,0,288,78,18.00,0,1,0,Pakistan,
Masood Anwar,1990-1990,1,2,0,39,37,19.50,0,0,0,Pakistan,
Nadeem Ghauri,1990-1990,1,1,0,0,0,0.00,0,0,1,Pakistan,
Aaqib Javed,1989-1998,22,27,7,101,28*,5.05,0,0,8,Pakistan,
Akram Raza,1989-1995,9,12,2,153,32,15.30,0,0,3,Pakistan,
Naved Anjum,1989-1990,2,3,0,44,22,14.66,0,0,0,Pakistan,
Nadeem Abbasi,1989-1989,3,2,0,46,36,23.00,0,0,0,Pakistan,
Shahid Saeed,1989-1989,1,1,0,12,12,12.00,0,0,0,Pakistan,
Ijaz Ahmed,1987-2001,60,92,4,3315,211,37.67,12,12,7,Pakistan,
Aamer Malik,1987-1994,14,19,3,565,117,35.31,2,3,3,Pakistan,
Asif Mujtaba,1986-1997,25,41,3,928,65*,24.42,0,8,5,Pakistan,
Saleem Jaffar,1986-1992,14,14,6,42,10*,5.25,0,0,4,Pakistan,
Zakir Khan,1986-1989,2,2,2,9,9*,-,0,0,0,Pakistan,
Zulqarnain,1986-1986,3,4,0,24,13,6.00,0,0,0,Pakistan,
Wasim Akram,1985-2002,104,147,19,2898,257*,22.64,3,7,17,Pakistan,
Rameez Raja,1984-1997,57,94,5,2833,122,31.83,2,22,7,Pakistan,
Manzoor Elahi,1984-1995,6,10,2,123,52,15.37,0,1,3,Pakistan,
Mohsin Kamal,1984-1994,9,11,7,37,13*,9.25,0,0,1,Pakistan,
Anil Dalpat,1984-1985,9,12,1,167,52,15.18,0,1,0,Pakistan,
Shoaib Mohammad,1983-1995,45,68,7,2705,203*,44.34,7,13,6,Pakistan,
Qasim Umar,1983-1986,26,43,2,1502,210,36.63,3,5,2,Pakistan,
Azeem Hafeez,1983-1985,18,21,5,134,24,8.37,0,0,2,Pakistan,
Saleem Malik,1982-1999,103,154,22,5768,237,43.69,15,29,12,Pakistan,
Saleem Yousuf,1982-1990,32,44,5,1055,91*,27.05,0,5,2,Pakistan,
Ashraf Ali,1982-1987,8,8,3,229,65,45.80,0,2,0,Pakistan,
Tahir Naqqash,1982-1985,15,19,5,300,57,21.42,0,1,1,Pakistan,
Rashid Khan,1982-1985,4,6,3,155,59,51.66,0,1,1,Pakistan,
Jalal-ud-Din,1982-1985,6,3,2,3,2,3.00,0,0,0,Pakistan,
Rizwan-uz-Zaman,1981-1989,11,19,1,345,60,19.16,0,3,2,Pakistan,
Tauseef Ahmed,1980-1993,34,38,20,318,35*,17.66,0,0,6,Pakistan,
Mansoor Akhtar,1980-1990,19,29,3,655,111,25.19,1,3,4,Pakistan,
Ijaz Faqih,1980-1988,5,8,1,183,105,26.14,1,0,2,Pakistan,
Taslim Arif,1980-1980,6,10,2,501,210*,62.62,1,2,1,Pakistan,
Azmat Rana,1980-1980,1,1,0,49,49,49.00,0,0,0,Pakistan,
Azhar Khan,1980-1980,1,1,0,14,14,14.00,0,0,0,Pakistan,
Ehteshamuddin,1979-1982,5,3,1,2,2,1.00,0,0,1,Pakistan,
Anwar Khan,1979-1979,1,2,1,15,12,15.00,0,0,0,Pakistan,
Mohsin Khan,1978-1986,48,79,6,2709,200,37.10,7,9,3,Pakistan,
Abdul Qadir,1977-1990,67,77,11,1029,61,15.59,0,3,7,Pakistan,
Haroon Rasheed,1977-1983,23,36,1,1217,153,34.77,3,5,2,Pakistan,
Javed Miandad,1976-1993,124,189,21,8832,280*,52.57,23,43,6,Pakistan,
Mudassar Nazar,1976-1989,76,116,8,4114,231,38.09,10,17,7,Pakistan,
Iqbal Qasim,1976-1988,50,57,15,549,56,13.07,0,1,10,Pakistan,
Sikander Bakht,1976-1983,26,35,12,146,22*,6.34,0,0,4,Pakistan,
Shahid Israr,1976-1976,1,1,1,7,7*,-,0,0,0,Pakistan,
Farrukh Zaman,1976-1976,1,-,-,-,-,-,-,-,-,Pakistan,
Liaqat Ali,1975-1978,5,7,3,28,12,7.00,0,0,1,Pakistan,
Agha Zahid,1975-1975,1,2,0,15,14,7.50,0,0,0,Pakistan,
Shafiq Ahmed,1974-1981,6,10,1,99,27*,11.00,0,0,3,Pakistan,
Wasim Raja,1973-1985,57,92,14,2821,125,36.16,4,18,8,Pakistan,
Talat Ali,1972-1979,10,18,2,370,61,23.12,0,2,2,Pakistan,
Imran Khan,1971-1992,88,126,25,3807,136,37.69,6,18,8,Pakistan,
Younis Ahmed,1969-1987,4,7,1,177,62,29.50,0,1,1,Pakistan,
Zaheer Abbas,1969-1985,78,124,11,5062,274,44.79,12,20,10,Pakistan,
Sarfraz Nawaz,1969-1984,55,72,13,1045,90,17.71,0,4,6,Pakistan,
Mohammad Nazir,1969-1983,14,18,10,144,29*,18.00,0,0,3,Pakistan,
Sadiq Mohammad,1969-1981,41,74,2,2579,166,35.81,5,10,6,Pakistan,
Asif Masood,1969-1977,16,19,10,93,30*,10.33,0,0,5,Pakistan,
Aftab Baloch,1969-1975,2,3,1,97,60*,48.50,0,1,0,Pakistan,
Aftab Gul,1969-1971,6,8,0,182,33,22.75,0,0,0,Pakistan,
Wasim Bari,1967-1984,81,112,26,1366,85,15.88,0,6,19,Pakistan,
Saleem Altaf,1967-1978,21,31,12,276,53*,14.52,0,1,4,Pakistan,
Niaz Ahmed,1967-1969,2,3,3,17,16*,-,0,0,0,Pakistan,
Ghulam Abbas,1967-1967,1,2,0,12,12,6.00,0,0,1,Pakistan,
Salahuddin,1965-1969,5,8,2,117,34*,19.50,0,0,0,Pakistan,
Naushad Ali,1965-1965,6,11,0,156,39,14.18,0,0,0,Pakistan,
Mufasir-ul-Haq,1965-1965,1,1,1,8,8*,-,0,0,0,Pakistan,
Majid Khan,1964-1983,63,106,5,3931,167,38.92,8,19,9,Pakistan,
Asif Iqbal,1964-1980,58,99,7,3575,175,38.85,11,12,9,Pakistan,
Pervez Sajjad,1964-1973,19,20,11,123,24,13.66,0,0,2,Pakistan,
Mohammad Ilyas,1964-1969,10,19,0,441,126,23.21,1,2,1,Pakistan,
Shafqat Rana,1964-1969,5,7,0,221,95,31.57,0,2,1,Pakistan,
Khalid Ibadulla,1964-1967,4,8,0,253,166,31.62,1,0,0,Pakistan,
Abdul Kadir,1964-1965,4,8,0,272,95,34.00,0,2,2,Pakistan,
Arif Butt,1964-1965,3,5,0,59,20,11.80,0,0,1,Pakistan,
Farooq Hamid,1964-1964,1,2,0,3,3,1.50,0,0,1,Pakistan,
Shahid Mahmood,1962-1962,1,2,0,25,16,12.50,0,0,0,Pakistan,
Javed Akhtar,1962-1962,1,2,1,4,2*,4.00,0,0,0,Pakistan,
Afaq Hussain,1961-1964,2,4,4,66,35*,-,0,0,0,Pakistan,
Javed Burki,1960-1969,25,48,4,1341,140,30.47,3,4,3,Pakistan,
Mohammad Farooq,1960-1965,7,9,4,85,47,17.00,0,0,1,Pakistan,
Mushtaq Mohammad,1959-1979,57,100,7,3643,201,39.17,10,19,4,Pakistan,
Intikhab Alam,1959-1977,47,77,10,1493,138,22.28,1,8,10,Pakistan,
Ijaz Butt,1959-1962,8,16,2,279,58,19.92,0,1,1,Pakistan,
A D'Souza,1959-1962,6,10,8,76,23*,38.00,0,0,0,Pakistan,
Mohammad Munaf,1959-1962,4,7,2,63,19,12.60,0,0,0,Pakistan,
Munir Malik,1959-1962,3,4,1,7,4,2.33,0,0,1,Pakistan,
DA Sharpe,1959-1959,3,6,0,134,56,22.33,0,1,0,Pakistan,
Saeed Ahmed,1958-1973,41,78,4,2991,172,40.41,5,16,2,Pakistan,
Nasim-ul-Ghani,1958-1973,29,50,5,747,101,16.60,1,2,8,Pakistan,
Haseeb Ahsan,1958-1962,12,16,7,61,14,6.77,0,0,3,Pakistan,
SF Rehman,1958-1958,1,2,0,10,8,5.00,0,0,0,Pakistan,
Gul Mohammad,1956-1956,1,2,1,39,27*,39.00,0,0,0,Pakistan,
W Mathias,1955-1962,21,36,3,783,77,23.72,0,3,3,Pakistan,
Agha Saadat Ali,1955-1955,1,1,1,8,8*,-,0,0,0,Pakistan,
Miran Bakhsh,1955-1955,2,3,2,1,1*,1.00,0,0,1,Pakistan,
Alimuddin,1954-1962,25,45,2,1091,109,25.37,2,7,6,Pakistan,
Shujauddin,1954-1962,19,32,6,395,47,15.19,0,0,3,Pakistan,
Mohammad Aslam,1954-1954,1,2,0,34,18,17.00,0,0,0,Pakistan,
MEZ Ghazali,1954-1954,2,4,0,32,18,8.00,0,0,2,Pakistan,
Khalid Hasan,1954-1954,1,2,1,17,10,17.00,0,0,0,Pakistan,
Khalid Wazir,1954-1954,2,3,1,14,9*,7.00,0,0,0,Pakistan,
Hanif Mohammad,1952-1969,55,97,8,3915,337,43.98,12,15,5,Pakistan,
Imtiaz Ahmed,1952-1962,41,72,1,2079,209,29.28,3,11,9,Pakistan,
Fazal Mahmood,1952-1962,34,50,6,620,60,14.09,0,1,10,Pakistan,
Mahmood Hussain,1952-1962,27,39,6,336,35,10.18,0,0,8,Pakistan,
Waqar Hasan,1952-1959,21,35,1,1071,189,31.50,1,6,0,Pakistan,
Wazir Mohammad,1952-1959,20,33,4,801,189,27.62,2,3,8,Pakistan,
Israr Ali,1952-1959,4,8,1,33,10,4.71,0,0,1,Pakistan,
AH Kardar,1952-1958,23,37,3,847,93,24.91,0,5,1,Pakistan,
Khan Mohammad,1952-1958,13,17,7,100,26*,10.00,0,0,3,Pakistan,
Zulfiqar Ahmed,1952-1956,9,10,4,200,63*,33.33,0,1,1,Pakistan,
Maqsood Ahmed,1952-1955,16,27,1,507,99,19.50,0,2,2,Pakistan,
Nazar Mohammad,1952-1952,5,8,1,277,124*,39.57,1,1,1,Pakistan,
Amir Elahi,1952-1952,5,7,1,65,47,10.83,0,0,1,Pakistan,
Anwar Hussain,1952-1952,4,6,0,42,17,7.00,0,0,0,Pakistan,